target_keyword,canonical_url,workflow,business_context,deliverable,review_measure
AI SOP checklists for marketing agencies,https://www.builttorunbook.net/workflows/ai-sop-checklists/marketing-agencies,ai-sop-checklists,marketing-agencies,a tested procedure with an exception path,tasks completed correctly without founder clarification
AI SOP checklists for consulting firms,https://www.builttorunbook.net/workflows/ai-sop-checklists/consulting-firms,ai-sop-checklists,consulting-firms,a tested procedure with an exception path,tasks completed correctly without founder clarification
AI SOP checklists for software companies,https://www.builttorunbook.net/workflows/ai-sop-checklists/software-companies,ai-sop-checklists,software-companies,a tested procedure with an exception path,tasks completed correctly without founder clarification
AI SOP checklists for ecommerce brands,https://www.builttorunbook.net/workflows/ai-sop-checklists/ecommerce-brands,ai-sop-checklists,ecommerce-brands,a tested procedure with an exception path,tasks completed correctly without founder clarification
AI SOP checklists for manufacturers,https://www.builttorunbook.net/workflows/ai-sop-checklists/manufacturers,ai-sop-checklists,manufacturers,a tested procedure with an exception path,tasks completed correctly without founder clarification
AI SOP checklists for wholesale distributors,https://www.builttorunbook.net/workflows/ai-sop-checklists/wholesale-distributors,ai-sop-checklists,wholesale-distributors,a tested procedure with an exception path,tasks completed correctly without founder clarification
AI SOP checklists for construction companies,https://www.builttorunbook.net/workflows/ai-sop-checklists/construction-companies,ai-sop-checklists,construction-companies,a tested procedure with an exception path,tasks completed correctly without founder clarification
AI SOP checklists for trade contractors,https://www.builttorunbook.net/workflows/ai-sop-checklists/trade-contractors,ai-sop-checklists,trade-contractors,a tested procedure with an exception path,tasks completed correctly without founder clarification
AI SOP checklists for salons,https://www.builttorunbook.net/workflows/ai-sop-checklists/salons,ai-sop-checklists,salons,a tested procedure with an exception path,tasks completed correctly without founder clarification
AI SOP checklists for restaurants,https://www.builttorunbook.net/workflows/ai-sop-checklists/restaurants,ai-sop-checklists,restaurants,a tested procedure with an exception path,tasks completed correctly without founder clarification
AI SOP checklists for retail stores,https://www.builttorunbook.net/workflows/ai-sop-checklists/retail-stores,ai-sop-checklists,retail-stores,a tested procedure with an exception path,tasks completed correctly without founder clarification
AI SOP checklists for logistics companies,https://www.builttorunbook.net/workflows/ai-sop-checklists/logistics-companies,ai-sop-checklists,logistics-companies,a tested procedure with an exception path,tasks completed correctly without founder clarification
AI SOP checklists for cleaning companies,https://www.builttorunbook.net/workflows/ai-sop-checklists/cleaning-companies,ai-sop-checklists,cleaning-companies,a tested procedure with an exception path,tasks completed correctly without founder clarification
AI SOP checklists for landscaping companies,https://www.builttorunbook.net/workflows/ai-sop-checklists/landscaping-companies,ai-sop-checklists,landscaping-companies,a tested procedure with an exception path,tasks completed correctly without founder clarification
AI SOP checklists for automotive shops,https://www.builttorunbook.net/workflows/ai-sop-checklists/automotive-shops,ai-sop-checklists,automotive-shops,a tested procedure with an exception path,tasks completed correctly without founder clarification
AI SOP checklists for fitness studios,https://www.builttorunbook.net/workflows/ai-sop-checklists/fitness-studios,ai-sop-checklists,fitness-studios,a tested procedure with an exception path,tasks completed correctly without founder clarification
AI SOP checklists for training companies,https://www.builttorunbook.net/workflows/ai-sop-checklists/training-companies,ai-sop-checklists,training-companies,a tested procedure with an exception path,tasks completed correctly without founder clarification
AI SOP checklists for staffing agencies,https://www.builttorunbook.net/workflows/ai-sop-checklists/staffing-agencies,ai-sop-checklists,staffing-agencies,a tested procedure with an exception path,tasks completed correctly without founder clarification
AI SOP checklists for event companies,https://www.builttorunbook.net/workflows/ai-sop-checklists/event-companies,ai-sop-checklists,event-companies,a tested procedure with an exception path,tasks completed correctly without founder clarification
AI SOP checklists for architecture firms,https://www.builttorunbook.net/workflows/ai-sop-checklists/architecture-firms,ai-sop-checklists,architecture-firms,a tested procedure with an exception path,tasks completed correctly without founder clarification
AI weekly operating scorecards for marketing agencies,https://www.builttorunbook.net/workflows/ai-weekly-scorecard/marketing-agencies,ai-weekly-scorecard,marketing-agencies,"a scorecard with decisions, owners and dates",metrics reported with a consistent definition and source
AI weekly operating scorecards for consulting firms,https://www.builttorunbook.net/workflows/ai-weekly-scorecard/consulting-firms,ai-weekly-scorecard,consulting-firms,"a scorecard with decisions, owners and dates",metrics reported with a consistent definition and source
AI weekly operating scorecards for software companies,https://www.builttorunbook.net/workflows/ai-weekly-scorecard/software-companies,ai-weekly-scorecard,software-companies,"a scorecard with decisions, owners and dates",metrics reported with a consistent definition and source
AI weekly operating scorecards for ecommerce brands,https://www.builttorunbook.net/workflows/ai-weekly-scorecard/ecommerce-brands,ai-weekly-scorecard,ecommerce-brands,"a scorecard with decisions, owners and dates",metrics reported with a consistent definition and source
AI weekly operating scorecards for manufacturers,https://www.builttorunbook.net/workflows/ai-weekly-scorecard/manufacturers,ai-weekly-scorecard,manufacturers,"a scorecard with decisions, owners and dates",metrics reported with a consistent definition and source
AI weekly operating scorecards for wholesale distributors,https://www.builttorunbook.net/workflows/ai-weekly-scorecard/wholesale-distributors,ai-weekly-scorecard,wholesale-distributors,"a scorecard with decisions, owners and dates",metrics reported with a consistent definition and source
AI weekly operating scorecards for construction companies,https://www.builttorunbook.net/workflows/ai-weekly-scorecard/construction-companies,ai-weekly-scorecard,construction-companies,"a scorecard with decisions, owners and dates",metrics reported with a consistent definition and source
AI weekly operating scorecards for trade contractors,https://www.builttorunbook.net/workflows/ai-weekly-scorecard/trade-contractors,ai-weekly-scorecard,trade-contractors,"a scorecard with decisions, owners and dates",metrics reported with a consistent definition and source
AI weekly operating scorecards for salons,https://www.builttorunbook.net/workflows/ai-weekly-scorecard/salons,ai-weekly-scorecard,salons,"a scorecard with decisions, owners and dates",metrics reported with a consistent definition and source
AI weekly operating scorecards for restaurants,https://www.builttorunbook.net/workflows/ai-weekly-scorecard/restaurants,ai-weekly-scorecard,restaurants,"a scorecard with decisions, owners and dates",metrics reported with a consistent definition and source
AI weekly operating scorecards for retail stores,https://www.builttorunbook.net/workflows/ai-weekly-scorecard/retail-stores,ai-weekly-scorecard,retail-stores,"a scorecard with decisions, owners and dates",metrics reported with a consistent definition and source
AI weekly operating scorecards for logistics companies,https://www.builttorunbook.net/workflows/ai-weekly-scorecard/logistics-companies,ai-weekly-scorecard,logistics-companies,"a scorecard with decisions, owners and dates",metrics reported with a consistent definition and source
AI weekly operating scorecards for cleaning companies,https://www.builttorunbook.net/workflows/ai-weekly-scorecard/cleaning-companies,ai-weekly-scorecard,cleaning-companies,"a scorecard with decisions, owners and dates",metrics reported with a consistent definition and source
AI weekly operating scorecards for landscaping companies,https://www.builttorunbook.net/workflows/ai-weekly-scorecard/landscaping-companies,ai-weekly-scorecard,landscaping-companies,"a scorecard with decisions, owners and dates",metrics reported with a consistent definition and source
AI weekly operating scorecards for automotive shops,https://www.builttorunbook.net/workflows/ai-weekly-scorecard/automotive-shops,ai-weekly-scorecard,automotive-shops,"a scorecard with decisions, owners and dates",metrics reported with a consistent definition and source
AI weekly operating scorecards for fitness studios,https://www.builttorunbook.net/workflows/ai-weekly-scorecard/fitness-studios,ai-weekly-scorecard,fitness-studios,"a scorecard with decisions, owners and dates",metrics reported with a consistent definition and source
AI weekly operating scorecards for training companies,https://www.builttorunbook.net/workflows/ai-weekly-scorecard/training-companies,ai-weekly-scorecard,training-companies,"a scorecard with decisions, owners and dates",metrics reported with a consistent definition and source
AI weekly operating scorecards for staffing agencies,https://www.builttorunbook.net/workflows/ai-weekly-scorecard/staffing-agencies,ai-weekly-scorecard,staffing-agencies,"a scorecard with decisions, owners and dates",metrics reported with a consistent definition and source
AI weekly operating scorecards for event companies,https://www.builttorunbook.net/workflows/ai-weekly-scorecard/event-companies,ai-weekly-scorecard,event-companies,"a scorecard with decisions, owners and dates",metrics reported with a consistent definition and source
AI weekly operating scorecards for architecture firms,https://www.builttorunbook.net/workflows/ai-weekly-scorecard/architecture-firms,ai-weekly-scorecard,architecture-firms,"a scorecard with decisions, owners and dates",metrics reported with a consistent definition and source
AI delegation matrices for marketing agencies,https://www.builttorunbook.net/workflows/ai-delegation-matrix/marketing-agencies,ai-delegation-matrix,marketing-agencies,a responsibility matrix with escalation thresholds,routine tasks completed inside delegated authority
AI delegation matrices for consulting firms,https://www.builttorunbook.net/workflows/ai-delegation-matrix/consulting-firms,ai-delegation-matrix,consulting-firms,a responsibility matrix with escalation thresholds,routine tasks completed inside delegated authority
AI delegation matrices for software companies,https://www.builttorunbook.net/workflows/ai-delegation-matrix/software-companies,ai-delegation-matrix,software-companies,a responsibility matrix with escalation thresholds,routine tasks completed inside delegated authority
AI delegation matrices for ecommerce brands,https://www.builttorunbook.net/workflows/ai-delegation-matrix/ecommerce-brands,ai-delegation-matrix,ecommerce-brands,a responsibility matrix with escalation thresholds,routine tasks completed inside delegated authority
AI delegation matrices for manufacturers,https://www.builttorunbook.net/workflows/ai-delegation-matrix/manufacturers,ai-delegation-matrix,manufacturers,a responsibility matrix with escalation thresholds,routine tasks completed inside delegated authority
AI delegation matrices for wholesale distributors,https://www.builttorunbook.net/workflows/ai-delegation-matrix/wholesale-distributors,ai-delegation-matrix,wholesale-distributors,a responsibility matrix with escalation thresholds,routine tasks completed inside delegated authority
AI delegation matrices for construction companies,https://www.builttorunbook.net/workflows/ai-delegation-matrix/construction-companies,ai-delegation-matrix,construction-companies,a responsibility matrix with escalation thresholds,routine tasks completed inside delegated authority
AI delegation matrices for trade contractors,https://www.builttorunbook.net/workflows/ai-delegation-matrix/trade-contractors,ai-delegation-matrix,trade-contractors,a responsibility matrix with escalation thresholds,routine tasks completed inside delegated authority
AI delegation matrices for salons,https://www.builttorunbook.net/workflows/ai-delegation-matrix/salons,ai-delegation-matrix,salons,a responsibility matrix with escalation thresholds,routine tasks completed inside delegated authority
AI delegation matrices for restaurants,https://www.builttorunbook.net/workflows/ai-delegation-matrix/restaurants,ai-delegation-matrix,restaurants,a responsibility matrix with escalation thresholds,routine tasks completed inside delegated authority
AI delegation matrices for retail stores,https://www.builttorunbook.net/workflows/ai-delegation-matrix/retail-stores,ai-delegation-matrix,retail-stores,a responsibility matrix with escalation thresholds,routine tasks completed inside delegated authority
AI delegation matrices for logistics companies,https://www.builttorunbook.net/workflows/ai-delegation-matrix/logistics-companies,ai-delegation-matrix,logistics-companies,a responsibility matrix with escalation thresholds,routine tasks completed inside delegated authority
AI delegation matrices for cleaning companies,https://www.builttorunbook.net/workflows/ai-delegation-matrix/cleaning-companies,ai-delegation-matrix,cleaning-companies,a responsibility matrix with escalation thresholds,routine tasks completed inside delegated authority
AI delegation matrices for landscaping companies,https://www.builttorunbook.net/workflows/ai-delegation-matrix/landscaping-companies,ai-delegation-matrix,landscaping-companies,a responsibility matrix with escalation thresholds,routine tasks completed inside delegated authority
AI delegation matrices for automotive shops,https://www.builttorunbook.net/workflows/ai-delegation-matrix/automotive-shops,ai-delegation-matrix,automotive-shops,a responsibility matrix with escalation thresholds,routine tasks completed inside delegated authority
AI delegation matrices for fitness studios,https://www.builttorunbook.net/workflows/ai-delegation-matrix/fitness-studios,ai-delegation-matrix,fitness-studios,a responsibility matrix with escalation thresholds,routine tasks completed inside delegated authority
AI delegation matrices for training companies,https://www.builttorunbook.net/workflows/ai-delegation-matrix/training-companies,ai-delegation-matrix,training-companies,a responsibility matrix with escalation thresholds,routine tasks completed inside delegated authority
AI delegation matrices for staffing agencies,https://www.builttorunbook.net/workflows/ai-delegation-matrix/staffing-agencies,ai-delegation-matrix,staffing-agencies,a responsibility matrix with escalation thresholds,routine tasks completed inside delegated authority
AI delegation matrices for event companies,https://www.builttorunbook.net/workflows/ai-delegation-matrix/event-companies,ai-delegation-matrix,event-companies,a responsibility matrix with escalation thresholds,routine tasks completed inside delegated authority
AI delegation matrices for architecture firms,https://www.builttorunbook.net/workflows/ai-delegation-matrix/architecture-firms,ai-delegation-matrix,architecture-firms,a responsibility matrix with escalation thresholds,routine tasks completed inside delegated authority
AI team capacity planning for marketing agencies,https://www.builttorunbook.net/workflows/ai-capacity-planning/marketing-agencies,ai-capacity-planning,marketing-agencies,a capacity table and schedule decisions,completed commitments within the approved capacity plan
AI team capacity planning for consulting firms,https://www.builttorunbook.net/workflows/ai-capacity-planning/consulting-firms,ai-capacity-planning,consulting-firms,a capacity table and schedule decisions,completed commitments within the approved capacity plan
AI team capacity planning for software companies,https://www.builttorunbook.net/workflows/ai-capacity-planning/software-companies,ai-capacity-planning,software-companies,a capacity table and schedule decisions,completed commitments within the approved capacity plan
AI team capacity planning for ecommerce brands,https://www.builttorunbook.net/workflows/ai-capacity-planning/ecommerce-brands,ai-capacity-planning,ecommerce-brands,a capacity table and schedule decisions,completed commitments within the approved capacity plan
AI team capacity planning for manufacturers,https://www.builttorunbook.net/workflows/ai-capacity-planning/manufacturers,ai-capacity-planning,manufacturers,a capacity table and schedule decisions,completed commitments within the approved capacity plan
AI team capacity planning for wholesale distributors,https://www.builttorunbook.net/workflows/ai-capacity-planning/wholesale-distributors,ai-capacity-planning,wholesale-distributors,a capacity table and schedule decisions,completed commitments within the approved capacity plan
AI team capacity planning for construction companies,https://www.builttorunbook.net/workflows/ai-capacity-planning/construction-companies,ai-capacity-planning,construction-companies,a capacity table and schedule decisions,completed commitments within the approved capacity plan
AI team capacity planning for trade contractors,https://www.builttorunbook.net/workflows/ai-capacity-planning/trade-contractors,ai-capacity-planning,trade-contractors,a capacity table and schedule decisions,completed commitments within the approved capacity plan
AI team capacity planning for salons,https://www.builttorunbook.net/workflows/ai-capacity-planning/salons,ai-capacity-planning,salons,a capacity table and schedule decisions,completed commitments within the approved capacity plan
AI team capacity planning for restaurants,https://www.builttorunbook.net/workflows/ai-capacity-planning/restaurants,ai-capacity-planning,restaurants,a capacity table and schedule decisions,completed commitments within the approved capacity plan
AI team capacity planning for retail stores,https://www.builttorunbook.net/workflows/ai-capacity-planning/retail-stores,ai-capacity-planning,retail-stores,a capacity table and schedule decisions,completed commitments within the approved capacity plan
AI team capacity planning for logistics companies,https://www.builttorunbook.net/workflows/ai-capacity-planning/logistics-companies,ai-capacity-planning,logistics-companies,a capacity table and schedule decisions,completed commitments within the approved capacity plan
AI team capacity planning for cleaning companies,https://www.builttorunbook.net/workflows/ai-capacity-planning/cleaning-companies,ai-capacity-planning,cleaning-companies,a capacity table and schedule decisions,completed commitments within the approved capacity plan
AI team capacity planning for landscaping companies,https://www.builttorunbook.net/workflows/ai-capacity-planning/landscaping-companies,ai-capacity-planning,landscaping-companies,a capacity table and schedule decisions,completed commitments within the approved capacity plan
AI team capacity planning for automotive shops,https://www.builttorunbook.net/workflows/ai-capacity-planning/automotive-shops,ai-capacity-planning,automotive-shops,a capacity table and schedule decisions,completed commitments within the approved capacity plan
AI team capacity planning for fitness studios,https://www.builttorunbook.net/workflows/ai-capacity-planning/fitness-studios,ai-capacity-planning,fitness-studios,a capacity table and schedule decisions,completed commitments within the approved capacity plan
AI team capacity planning for training companies,https://www.builttorunbook.net/workflows/ai-capacity-planning/training-companies,ai-capacity-planning,training-companies,a capacity table and schedule decisions,completed commitments within the approved capacity plan
AI team capacity planning for staffing agencies,https://www.builttorunbook.net/workflows/ai-capacity-planning/staffing-agencies,ai-capacity-planning,staffing-agencies,a capacity table and schedule decisions,completed commitments within the approved capacity plan
AI team capacity planning for event companies,https://www.builttorunbook.net/workflows/ai-capacity-planning/event-companies,ai-capacity-planning,event-companies,a capacity table and schedule decisions,completed commitments within the approved capacity plan
AI team capacity planning for architecture firms,https://www.builttorunbook.net/workflows/ai-capacity-planning/architecture-firms,ai-capacity-planning,architecture-firms,a capacity table and schedule decisions,completed commitments within the approved capacity plan
AI customer onboarding checklists for marketing agencies,https://www.builttorunbook.net/workflows/ai-onboarding-checklists/marketing-agencies,ai-onboarding-checklists,marketing-agencies,a milestone plan with named input owners,onboarding milestones completed by their agreed dates
AI customer onboarding checklists for consulting firms,https://www.builttorunbook.net/workflows/ai-onboarding-checklists/consulting-firms,ai-onboarding-checklists,consulting-firms,a milestone plan with named input owners,onboarding milestones completed by their agreed dates
AI customer onboarding checklists for software companies,https://www.builttorunbook.net/workflows/ai-onboarding-checklists/software-companies,ai-onboarding-checklists,software-companies,a milestone plan with named input owners,onboarding milestones completed by their agreed dates
AI customer onboarding checklists for ecommerce brands,https://www.builttorunbook.net/workflows/ai-onboarding-checklists/ecommerce-brands,ai-onboarding-checklists,ecommerce-brands,a milestone plan with named input owners,onboarding milestones completed by their agreed dates
AI customer onboarding checklists for manufacturers,https://www.builttorunbook.net/workflows/ai-onboarding-checklists/manufacturers,ai-onboarding-checklists,manufacturers,a milestone plan with named input owners,onboarding milestones completed by their agreed dates
AI customer onboarding checklists for wholesale distributors,https://www.builttorunbook.net/workflows/ai-onboarding-checklists/wholesale-distributors,ai-onboarding-checklists,wholesale-distributors,a milestone plan with named input owners,onboarding milestones completed by their agreed dates
AI customer onboarding checklists for construction companies,https://www.builttorunbook.net/workflows/ai-onboarding-checklists/construction-companies,ai-onboarding-checklists,construction-companies,a milestone plan with named input owners,onboarding milestones completed by their agreed dates
AI customer onboarding checklists for trade contractors,https://www.builttorunbook.net/workflows/ai-onboarding-checklists/trade-contractors,ai-onboarding-checklists,trade-contractors,a milestone plan with named input owners,onboarding milestones completed by their agreed dates
AI customer onboarding checklists for salons,https://www.builttorunbook.net/workflows/ai-onboarding-checklists/salons,ai-onboarding-checklists,salons,a milestone plan with named input owners,onboarding milestones completed by their agreed dates
AI customer onboarding checklists for restaurants,https://www.builttorunbook.net/workflows/ai-onboarding-checklists/restaurants,ai-onboarding-checklists,restaurants,a milestone plan with named input owners,onboarding milestones completed by their agreed dates
AI customer onboarding checklists for retail stores,https://www.builttorunbook.net/workflows/ai-onboarding-checklists/retail-stores,ai-onboarding-checklists,retail-stores,a milestone plan with named input owners,onboarding milestones completed by their agreed dates
AI customer onboarding checklists for logistics companies,https://www.builttorunbook.net/workflows/ai-onboarding-checklists/logistics-companies,ai-onboarding-checklists,logistics-companies,a milestone plan with named input owners,onboarding milestones completed by their agreed dates
AI customer onboarding checklists for cleaning companies,https://www.builttorunbook.net/workflows/ai-onboarding-checklists/cleaning-companies,ai-onboarding-checklists,cleaning-companies,a milestone plan with named input owners,onboarding milestones completed by their agreed dates
AI customer onboarding checklists for landscaping companies,https://www.builttorunbook.net/workflows/ai-onboarding-checklists/landscaping-companies,ai-onboarding-checklists,landscaping-companies,a milestone plan with named input owners,onboarding milestones completed by their agreed dates
AI customer onboarding checklists for automotive shops,https://www.builttorunbook.net/workflows/ai-onboarding-checklists/automotive-shops,ai-onboarding-checklists,automotive-shops,a milestone plan with named input owners,onboarding milestones completed by their agreed dates
AI customer onboarding checklists for fitness studios,https://www.builttorunbook.net/workflows/ai-onboarding-checklists/fitness-studios,ai-onboarding-checklists,fitness-studios,a milestone plan with named input owners,onboarding milestones completed by their agreed dates
AI customer onboarding checklists for training companies,https://www.builttorunbook.net/workflows/ai-onboarding-checklists/training-companies,ai-onboarding-checklists,training-companies,a milestone plan with named input owners,onboarding milestones completed by their agreed dates
AI customer onboarding checklists for staffing agencies,https://www.builttorunbook.net/workflows/ai-onboarding-checklists/staffing-agencies,ai-onboarding-checklists,staffing-agencies,a milestone plan with named input owners,onboarding milestones completed by their agreed dates
AI customer onboarding checklists for event companies,https://www.builttorunbook.net/workflows/ai-onboarding-checklists/event-companies,ai-onboarding-checklists,event-companies,a milestone plan with named input owners,onboarding milestones completed by their agreed dates
AI customer onboarding checklists for architecture firms,https://www.builttorunbook.net/workflows/ai-onboarding-checklists/architecture-firms,ai-onboarding-checklists,architecture-firms,a milestone plan with named input owners,onboarding milestones completed by their agreed dates
AI quality review sampling for marketing agencies,https://www.builttorunbook.net/workflows/ai-quality-sampling/marketing-agencies,ai-quality-sampling,marketing-agencies,a quality findings register and improvement action,sampled items meeting the defined acceptance standard
AI quality review sampling for consulting firms,https://www.builttorunbook.net/workflows/ai-quality-sampling/consulting-firms,ai-quality-sampling,consulting-firms,a quality findings register and improvement action,sampled items meeting the defined acceptance standard
AI quality review sampling for software companies,https://www.builttorunbook.net/workflows/ai-quality-sampling/software-companies,ai-quality-sampling,software-companies,a quality findings register and improvement action,sampled items meeting the defined acceptance standard
AI quality review sampling for ecommerce brands,https://www.builttorunbook.net/workflows/ai-quality-sampling/ecommerce-brands,ai-quality-sampling,ecommerce-brands,a quality findings register and improvement action,sampled items meeting the defined acceptance standard
AI quality review sampling for manufacturers,https://www.builttorunbook.net/workflows/ai-quality-sampling/manufacturers,ai-quality-sampling,manufacturers,a quality findings register and improvement action,sampled items meeting the defined acceptance standard
AI quality review sampling for wholesale distributors,https://www.builttorunbook.net/workflows/ai-quality-sampling/wholesale-distributors,ai-quality-sampling,wholesale-distributors,a quality findings register and improvement action,sampled items meeting the defined acceptance standard
AI quality review sampling for construction companies,https://www.builttorunbook.net/workflows/ai-quality-sampling/construction-companies,ai-quality-sampling,construction-companies,a quality findings register and improvement action,sampled items meeting the defined acceptance standard
AI quality review sampling for trade contractors,https://www.builttorunbook.net/workflows/ai-quality-sampling/trade-contractors,ai-quality-sampling,trade-contractors,a quality findings register and improvement action,sampled items meeting the defined acceptance standard
AI quality review sampling for salons,https://www.builttorunbook.net/workflows/ai-quality-sampling/salons,ai-quality-sampling,salons,a quality findings register and improvement action,sampled items meeting the defined acceptance standard
AI quality review sampling for restaurants,https://www.builttorunbook.net/workflows/ai-quality-sampling/restaurants,ai-quality-sampling,restaurants,a quality findings register and improvement action,sampled items meeting the defined acceptance standard
AI quality review sampling for retail stores,https://www.builttorunbook.net/workflows/ai-quality-sampling/retail-stores,ai-quality-sampling,retail-stores,a quality findings register and improvement action,sampled items meeting the defined acceptance standard
AI quality review sampling for logistics companies,https://www.builttorunbook.net/workflows/ai-quality-sampling/logistics-companies,ai-quality-sampling,logistics-companies,a quality findings register and improvement action,sampled items meeting the defined acceptance standard
AI quality review sampling for cleaning companies,https://www.builttorunbook.net/workflows/ai-quality-sampling/cleaning-companies,ai-quality-sampling,cleaning-companies,a quality findings register and improvement action,sampled items meeting the defined acceptance standard
AI quality review sampling for landscaping companies,https://www.builttorunbook.net/workflows/ai-quality-sampling/landscaping-companies,ai-quality-sampling,landscaping-companies,a quality findings register and improvement action,sampled items meeting the defined acceptance standard
AI quality review sampling for automotive shops,https://www.builttorunbook.net/workflows/ai-quality-sampling/automotive-shops,ai-quality-sampling,automotive-shops,a quality findings register and improvement action,sampled items meeting the defined acceptance standard
AI quality review sampling for fitness studios,https://www.builttorunbook.net/workflows/ai-quality-sampling/fitness-studios,ai-quality-sampling,fitness-studios,a quality findings register and improvement action,sampled items meeting the defined acceptance standard
AI quality review sampling for training companies,https://www.builttorunbook.net/workflows/ai-quality-sampling/training-companies,ai-quality-sampling,training-companies,a quality findings register and improvement action,sampled items meeting the defined acceptance standard
AI quality review sampling for staffing agencies,https://www.builttorunbook.net/workflows/ai-quality-sampling/staffing-agencies,ai-quality-sampling,staffing-agencies,a quality findings register and improvement action,sampled items meeting the defined acceptance standard
AI quality review sampling for event companies,https://www.builttorunbook.net/workflows/ai-quality-sampling/event-companies,ai-quality-sampling,event-companies,a quality findings register and improvement action,sampled items meeting the defined acceptance standard
AI quality review sampling for architecture firms,https://www.builttorunbook.net/workflows/ai-quality-sampling/architecture-firms,ai-quality-sampling,architecture-firms,a quality findings register and improvement action,sampled items meeting the defined acceptance standard
AI operating escalation rules for marketing agencies,https://www.builttorunbook.net/workflows/ai-escalation-rules/marketing-agencies,ai-escalation-rules,marketing-agencies,an escalation map with clear trigger examples,exceptions routed with the information needed for a decision
AI operating escalation rules for consulting firms,https://www.builttorunbook.net/workflows/ai-escalation-rules/consulting-firms,ai-escalation-rules,consulting-firms,an escalation map with clear trigger examples,exceptions routed with the information needed for a decision
AI operating escalation rules for software companies,https://www.builttorunbook.net/workflows/ai-escalation-rules/software-companies,ai-escalation-rules,software-companies,an escalation map with clear trigger examples,exceptions routed with the information needed for a decision
AI operating escalation rules for ecommerce brands,https://www.builttorunbook.net/workflows/ai-escalation-rules/ecommerce-brands,ai-escalation-rules,ecommerce-brands,an escalation map with clear trigger examples,exceptions routed with the information needed for a decision
AI operating escalation rules for manufacturers,https://www.builttorunbook.net/workflows/ai-escalation-rules/manufacturers,ai-escalation-rules,manufacturers,an escalation map with clear trigger examples,exceptions routed with the information needed for a decision
AI operating escalation rules for wholesale distributors,https://www.builttorunbook.net/workflows/ai-escalation-rules/wholesale-distributors,ai-escalation-rules,wholesale-distributors,an escalation map with clear trigger examples,exceptions routed with the information needed for a decision
AI operating escalation rules for construction companies,https://www.builttorunbook.net/workflows/ai-escalation-rules/construction-companies,ai-escalation-rules,construction-companies,an escalation map with clear trigger examples,exceptions routed with the information needed for a decision
AI operating escalation rules for trade contractors,https://www.builttorunbook.net/workflows/ai-escalation-rules/trade-contractors,ai-escalation-rules,trade-contractors,an escalation map with clear trigger examples,exceptions routed with the information needed for a decision
AI operating escalation rules for salons,https://www.builttorunbook.net/workflows/ai-escalation-rules/salons,ai-escalation-rules,salons,an escalation map with clear trigger examples,exceptions routed with the information needed for a decision
AI operating escalation rules for restaurants,https://www.builttorunbook.net/workflows/ai-escalation-rules/restaurants,ai-escalation-rules,restaurants,an escalation map with clear trigger examples,exceptions routed with the information needed for a decision
AI operating escalation rules for retail stores,https://www.builttorunbook.net/workflows/ai-escalation-rules/retail-stores,ai-escalation-rules,retail-stores,an escalation map with clear trigger examples,exceptions routed with the information needed for a decision
AI operating escalation rules for logistics companies,https://www.builttorunbook.net/workflows/ai-escalation-rules/logistics-companies,ai-escalation-rules,logistics-companies,an escalation map with clear trigger examples,exceptions routed with the information needed for a decision
AI operating escalation rules for cleaning companies,https://www.builttorunbook.net/workflows/ai-escalation-rules/cleaning-companies,ai-escalation-rules,cleaning-companies,an escalation map with clear trigger examples,exceptions routed with the information needed for a decision
AI operating escalation rules for landscaping companies,https://www.builttorunbook.net/workflows/ai-escalation-rules/landscaping-companies,ai-escalation-rules,landscaping-companies,an escalation map with clear trigger examples,exceptions routed with the information needed for a decision
AI operating escalation rules for automotive shops,https://www.builttorunbook.net/workflows/ai-escalation-rules/automotive-shops,ai-escalation-rules,automotive-shops,an escalation map with clear trigger examples,exceptions routed with the information needed for a decision
AI operating escalation rules for fitness studios,https://www.builttorunbook.net/workflows/ai-escalation-rules/fitness-studios,ai-escalation-rules,fitness-studios,an escalation map with clear trigger examples,exceptions routed with the information needed for a decision
AI operating escalation rules for training companies,https://www.builttorunbook.net/workflows/ai-escalation-rules/training-companies,ai-escalation-rules,training-companies,an escalation map with clear trigger examples,exceptions routed with the information needed for a decision
AI operating escalation rules for staffing agencies,https://www.builttorunbook.net/workflows/ai-escalation-rules/staffing-agencies,ai-escalation-rules,staffing-agencies,an escalation map with clear trigger examples,exceptions routed with the information needed for a decision
AI operating escalation rules for event companies,https://www.builttorunbook.net/workflows/ai-escalation-rules/event-companies,ai-escalation-rules,event-companies,an escalation map with clear trigger examples,exceptions routed with the information needed for a decision
AI operating escalation rules for architecture firms,https://www.builttorunbook.net/workflows/ai-escalation-rules/architecture-firms,ai-escalation-rules,architecture-firms,an escalation map with clear trigger examples,exceptions routed with the information needed for a decision
AI management meeting action logs for marketing agencies,https://www.builttorunbook.net/workflows/ai-meeting-actions/marketing-agencies,ai-meeting-actions,marketing-agencies,a reviewed action log tied to the meeting record,agreed actions completed with acceptance evidence
AI management meeting action logs for consulting firms,https://www.builttorunbook.net/workflows/ai-meeting-actions/consulting-firms,ai-meeting-actions,consulting-firms,a reviewed action log tied to the meeting record,agreed actions completed with acceptance evidence
AI management meeting action logs for software companies,https://www.builttorunbook.net/workflows/ai-meeting-actions/software-companies,ai-meeting-actions,software-companies,a reviewed action log tied to the meeting record,agreed actions completed with acceptance evidence
AI management meeting action logs for ecommerce brands,https://www.builttorunbook.net/workflows/ai-meeting-actions/ecommerce-brands,ai-meeting-actions,ecommerce-brands,a reviewed action log tied to the meeting record,agreed actions completed with acceptance evidence
AI management meeting action logs for manufacturers,https://www.builttorunbook.net/workflows/ai-meeting-actions/manufacturers,ai-meeting-actions,manufacturers,a reviewed action log tied to the meeting record,agreed actions completed with acceptance evidence
AI management meeting action logs for wholesale distributors,https://www.builttorunbook.net/workflows/ai-meeting-actions/wholesale-distributors,ai-meeting-actions,wholesale-distributors,a reviewed action log tied to the meeting record,agreed actions completed with acceptance evidence
AI management meeting action logs for construction companies,https://www.builttorunbook.net/workflows/ai-meeting-actions/construction-companies,ai-meeting-actions,construction-companies,a reviewed action log tied to the meeting record,agreed actions completed with acceptance evidence
AI management meeting action logs for trade contractors,https://www.builttorunbook.net/workflows/ai-meeting-actions/trade-contractors,ai-meeting-actions,trade-contractors,a reviewed action log tied to the meeting record,agreed actions completed with acceptance evidence
AI management meeting action logs for salons,https://www.builttorunbook.net/workflows/ai-meeting-actions/salons,ai-meeting-actions,salons,a reviewed action log tied to the meeting record,agreed actions completed with acceptance evidence
AI management meeting action logs for restaurants,https://www.builttorunbook.net/workflows/ai-meeting-actions/restaurants,ai-meeting-actions,restaurants,a reviewed action log tied to the meeting record,agreed actions completed with acceptance evidence
AI management meeting action logs for retail stores,https://www.builttorunbook.net/workflows/ai-meeting-actions/retail-stores,ai-meeting-actions,retail-stores,a reviewed action log tied to the meeting record,agreed actions completed with acceptance evidence
AI management meeting action logs for logistics companies,https://www.builttorunbook.net/workflows/ai-meeting-actions/logistics-companies,ai-meeting-actions,logistics-companies,a reviewed action log tied to the meeting record,agreed actions completed with acceptance evidence
AI management meeting action logs for cleaning companies,https://www.builttorunbook.net/workflows/ai-meeting-actions/cleaning-companies,ai-meeting-actions,cleaning-companies,a reviewed action log tied to the meeting record,agreed actions completed with acceptance evidence
AI management meeting action logs for landscaping companies,https://www.builttorunbook.net/workflows/ai-meeting-actions/landscaping-companies,ai-meeting-actions,landscaping-companies,a reviewed action log tied to the meeting record,agreed actions completed with acceptance evidence
AI management meeting action logs for automotive shops,https://www.builttorunbook.net/workflows/ai-meeting-actions/automotive-shops,ai-meeting-actions,automotive-shops,a reviewed action log tied to the meeting record,agreed actions completed with acceptance evidence
AI management meeting action logs for fitness studios,https://www.builttorunbook.net/workflows/ai-meeting-actions/fitness-studios,ai-meeting-actions,fitness-studios,a reviewed action log tied to the meeting record,agreed actions completed with acceptance evidence
AI management meeting action logs for training companies,https://www.builttorunbook.net/workflows/ai-meeting-actions/training-companies,ai-meeting-actions,training-companies,a reviewed action log tied to the meeting record,agreed actions completed with acceptance evidence
AI management meeting action logs for staffing agencies,https://www.builttorunbook.net/workflows/ai-meeting-actions/staffing-agencies,ai-meeting-actions,staffing-agencies,a reviewed action log tied to the meeting record,agreed actions completed with acceptance evidence
AI management meeting action logs for event companies,https://www.builttorunbook.net/workflows/ai-meeting-actions/event-companies,ai-meeting-actions,event-companies,a reviewed action log tied to the meeting record,agreed actions completed with acceptance evidence
AI management meeting action logs for architecture firms,https://www.builttorunbook.net/workflows/ai-meeting-actions/architecture-firms,ai-meeting-actions,architecture-firms,a reviewed action log tied to the meeting record,agreed actions completed with acceptance evidence
AI role and hiring scorecards for marketing agencies,https://www.builttorunbook.net/workflows/ai-hiring-scorecards/marketing-agencies,ai-hiring-scorecards,marketing-agencies,a job-relevant role scorecard and interview worksheet,evaluation criteria linked to an actual required task
AI role and hiring scorecards for consulting firms,https://www.builttorunbook.net/workflows/ai-hiring-scorecards/consulting-firms,ai-hiring-scorecards,consulting-firms,a job-relevant role scorecard and interview worksheet,evaluation criteria linked to an actual required task
AI role and hiring scorecards for software companies,https://www.builttorunbook.net/workflows/ai-hiring-scorecards/software-companies,ai-hiring-scorecards,software-companies,a job-relevant role scorecard and interview worksheet,evaluation criteria linked to an actual required task
AI role and hiring scorecards for ecommerce brands,https://www.builttorunbook.net/workflows/ai-hiring-scorecards/ecommerce-brands,ai-hiring-scorecards,ecommerce-brands,a job-relevant role scorecard and interview worksheet,evaluation criteria linked to an actual required task
AI role and hiring scorecards for manufacturers,https://www.builttorunbook.net/workflows/ai-hiring-scorecards/manufacturers,ai-hiring-scorecards,manufacturers,a job-relevant role scorecard and interview worksheet,evaluation criteria linked to an actual required task
AI role and hiring scorecards for wholesale distributors,https://www.builttorunbook.net/workflows/ai-hiring-scorecards/wholesale-distributors,ai-hiring-scorecards,wholesale-distributors,a job-relevant role scorecard and interview worksheet,evaluation criteria linked to an actual required task
AI role and hiring scorecards for construction companies,https://www.builttorunbook.net/workflows/ai-hiring-scorecards/construction-companies,ai-hiring-scorecards,construction-companies,a job-relevant role scorecard and interview worksheet,evaluation criteria linked to an actual required task
AI role and hiring scorecards for trade contractors,https://www.builttorunbook.net/workflows/ai-hiring-scorecards/trade-contractors,ai-hiring-scorecards,trade-contractors,a job-relevant role scorecard and interview worksheet,evaluation criteria linked to an actual required task
AI role and hiring scorecards for salons,https://www.builttorunbook.net/workflows/ai-hiring-scorecards/salons,ai-hiring-scorecards,salons,a job-relevant role scorecard and interview worksheet,evaluation criteria linked to an actual required task
AI role and hiring scorecards for restaurants,https://www.builttorunbook.net/workflows/ai-hiring-scorecards/restaurants,ai-hiring-scorecards,restaurants,a job-relevant role scorecard and interview worksheet,evaluation criteria linked to an actual required task
AI role and hiring scorecards for retail stores,https://www.builttorunbook.net/workflows/ai-hiring-scorecards/retail-stores,ai-hiring-scorecards,retail-stores,a job-relevant role scorecard and interview worksheet,evaluation criteria linked to an actual required task
AI role and hiring scorecards for logistics companies,https://www.builttorunbook.net/workflows/ai-hiring-scorecards/logistics-companies,ai-hiring-scorecards,logistics-companies,a job-relevant role scorecard and interview worksheet,evaluation criteria linked to an actual required task
AI role and hiring scorecards for cleaning companies,https://www.builttorunbook.net/workflows/ai-hiring-scorecards/cleaning-companies,ai-hiring-scorecards,cleaning-companies,a job-relevant role scorecard and interview worksheet,evaluation criteria linked to an actual required task
AI role and hiring scorecards for landscaping companies,https://www.builttorunbook.net/workflows/ai-hiring-scorecards/landscaping-companies,ai-hiring-scorecards,landscaping-companies,a job-relevant role scorecard and interview worksheet,evaluation criteria linked to an actual required task
AI role and hiring scorecards for automotive shops,https://www.builttorunbook.net/workflows/ai-hiring-scorecards/automotive-shops,ai-hiring-scorecards,automotive-shops,a job-relevant role scorecard and interview worksheet,evaluation criteria linked to an actual required task
AI role and hiring scorecards for fitness studios,https://www.builttorunbook.net/workflows/ai-hiring-scorecards/fitness-studios,ai-hiring-scorecards,fitness-studios,a job-relevant role scorecard and interview worksheet,evaluation criteria linked to an actual required task
AI role and hiring scorecards for training companies,https://www.builttorunbook.net/workflows/ai-hiring-scorecards/training-companies,ai-hiring-scorecards,training-companies,a job-relevant role scorecard and interview worksheet,evaluation criteria linked to an actual required task
AI role and hiring scorecards for staffing agencies,https://www.builttorunbook.net/workflows/ai-hiring-scorecards/staffing-agencies,ai-hiring-scorecards,staffing-agencies,a job-relevant role scorecard and interview worksheet,evaluation criteria linked to an actual required task
AI role and hiring scorecards for event companies,https://www.builttorunbook.net/workflows/ai-hiring-scorecards/event-companies,ai-hiring-scorecards,event-companies,a job-relevant role scorecard and interview worksheet,evaluation criteria linked to an actual required task
AI role and hiring scorecards for architecture firms,https://www.builttorunbook.net/workflows/ai-hiring-scorecards/architecture-firms,ai-hiring-scorecards,architecture-firms,a job-relevant role scorecard and interview worksheet,evaluation criteria linked to an actual required task
AI cross-team handoff checklists for marketing agencies,https://www.builttorunbook.net/workflows/ai-handoff-checklists/marketing-agencies,ai-handoff-checklists,marketing-agencies,a handoff packet and acceptance record,handoffs accepted without missing required inputs
AI cross-team handoff checklists for consulting firms,https://www.builttorunbook.net/workflows/ai-handoff-checklists/consulting-firms,ai-handoff-checklists,consulting-firms,a handoff packet and acceptance record,handoffs accepted without missing required inputs
AI cross-team handoff checklists for software companies,https://www.builttorunbook.net/workflows/ai-handoff-checklists/software-companies,ai-handoff-checklists,software-companies,a handoff packet and acceptance record,handoffs accepted without missing required inputs
AI cross-team handoff checklists for ecommerce brands,https://www.builttorunbook.net/workflows/ai-handoff-checklists/ecommerce-brands,ai-handoff-checklists,ecommerce-brands,a handoff packet and acceptance record,handoffs accepted without missing required inputs
AI cross-team handoff checklists for manufacturers,https://www.builttorunbook.net/workflows/ai-handoff-checklists/manufacturers,ai-handoff-checklists,manufacturers,a handoff packet and acceptance record,handoffs accepted without missing required inputs
AI cross-team handoff checklists for wholesale distributors,https://www.builttorunbook.net/workflows/ai-handoff-checklists/wholesale-distributors,ai-handoff-checklists,wholesale-distributors,a handoff packet and acceptance record,handoffs accepted without missing required inputs
AI cross-team handoff checklists for construction companies,https://www.builttorunbook.net/workflows/ai-handoff-checklists/construction-companies,ai-handoff-checklists,construction-companies,a handoff packet and acceptance record,handoffs accepted without missing required inputs
AI cross-team handoff checklists for trade contractors,https://www.builttorunbook.net/workflows/ai-handoff-checklists/trade-contractors,ai-handoff-checklists,trade-contractors,a handoff packet and acceptance record,handoffs accepted without missing required inputs
AI cross-team handoff checklists for salons,https://www.builttorunbook.net/workflows/ai-handoff-checklists/salons,ai-handoff-checklists,salons,a handoff packet and acceptance record,handoffs accepted without missing required inputs
AI cross-team handoff checklists for restaurants,https://www.builttorunbook.net/workflows/ai-handoff-checklists/restaurants,ai-handoff-checklists,restaurants,a handoff packet and acceptance record,handoffs accepted without missing required inputs
AI cross-team handoff checklists for retail stores,https://www.builttorunbook.net/workflows/ai-handoff-checklists/retail-stores,ai-handoff-checklists,retail-stores,a handoff packet and acceptance record,handoffs accepted without missing required inputs
AI cross-team handoff checklists for logistics companies,https://www.builttorunbook.net/workflows/ai-handoff-checklists/logistics-companies,ai-handoff-checklists,logistics-companies,a handoff packet and acceptance record,handoffs accepted without missing required inputs
AI cross-team handoff checklists for cleaning companies,https://www.builttorunbook.net/workflows/ai-handoff-checklists/cleaning-companies,ai-handoff-checklists,cleaning-companies,a handoff packet and acceptance record,handoffs accepted without missing required inputs
AI cross-team handoff checklists for landscaping companies,https://www.builttorunbook.net/workflows/ai-handoff-checklists/landscaping-companies,ai-handoff-checklists,landscaping-companies,a handoff packet and acceptance record,handoffs accepted without missing required inputs
AI cross-team handoff checklists for automotive shops,https://www.builttorunbook.net/workflows/ai-handoff-checklists/automotive-shops,ai-handoff-checklists,automotive-shops,a handoff packet and acceptance record,handoffs accepted without missing required inputs
AI cross-team handoff checklists for fitness studios,https://www.builttorunbook.net/workflows/ai-handoff-checklists/fitness-studios,ai-handoff-checklists,fitness-studios,a handoff packet and acceptance record,handoffs accepted without missing required inputs
AI cross-team handoff checklists for training companies,https://www.builttorunbook.net/workflows/ai-handoff-checklists/training-companies,ai-handoff-checklists,training-companies,a handoff packet and acceptance record,handoffs accepted without missing required inputs
AI cross-team handoff checklists for staffing agencies,https://www.builttorunbook.net/workflows/ai-handoff-checklists/staffing-agencies,ai-handoff-checklists,staffing-agencies,a handoff packet and acceptance record,handoffs accepted without missing required inputs
AI cross-team handoff checklists for event companies,https://www.builttorunbook.net/workflows/ai-handoff-checklists/event-companies,ai-handoff-checklists,event-companies,a handoff packet and acceptance record,handoffs accepted without missing required inputs
AI cross-team handoff checklists for architecture firms,https://www.builttorunbook.net/workflows/ai-handoff-checklists/architecture-firms,ai-handoff-checklists,architecture-firms,a handoff packet and acceptance record,handoffs accepted without missing required inputs
AI process change logs for marketing agencies,https://www.builttorunbook.net/workflows/ai-process-change-logs/marketing-agencies,ai-process-change-logs,marketing-agencies,an approved change record and rollout checklist,affected users working from the effective version
AI process change logs for consulting firms,https://www.builttorunbook.net/workflows/ai-process-change-logs/consulting-firms,ai-process-change-logs,consulting-firms,an approved change record and rollout checklist,affected users working from the effective version
AI process change logs for software companies,https://www.builttorunbook.net/workflows/ai-process-change-logs/software-companies,ai-process-change-logs,software-companies,an approved change record and rollout checklist,affected users working from the effective version
AI process change logs for ecommerce brands,https://www.builttorunbook.net/workflows/ai-process-change-logs/ecommerce-brands,ai-process-change-logs,ecommerce-brands,an approved change record and rollout checklist,affected users working from the effective version
AI process change logs for manufacturers,https://www.builttorunbook.net/workflows/ai-process-change-logs/manufacturers,ai-process-change-logs,manufacturers,an approved change record and rollout checklist,affected users working from the effective version
AI process change logs for wholesale distributors,https://www.builttorunbook.net/workflows/ai-process-change-logs/wholesale-distributors,ai-process-change-logs,wholesale-distributors,an approved change record and rollout checklist,affected users working from the effective version
AI process change logs for construction companies,https://www.builttorunbook.net/workflows/ai-process-change-logs/construction-companies,ai-process-change-logs,construction-companies,an approved change record and rollout checklist,affected users working from the effective version
AI process change logs for trade contractors,https://www.builttorunbook.net/workflows/ai-process-change-logs/trade-contractors,ai-process-change-logs,trade-contractors,an approved change record and rollout checklist,affected users working from the effective version
AI process change logs for salons,https://www.builttorunbook.net/workflows/ai-process-change-logs/salons,ai-process-change-logs,salons,an approved change record and rollout checklist,affected users working from the effective version
AI process change logs for restaurants,https://www.builttorunbook.net/workflows/ai-process-change-logs/restaurants,ai-process-change-logs,restaurants,an approved change record and rollout checklist,affected users working from the effective version
AI process change logs for retail stores,https://www.builttorunbook.net/workflows/ai-process-change-logs/retail-stores,ai-process-change-logs,retail-stores,an approved change record and rollout checklist,affected users working from the effective version
AI process change logs for logistics companies,https://www.builttorunbook.net/workflows/ai-process-change-logs/logistics-companies,ai-process-change-logs,logistics-companies,an approved change record and rollout checklist,affected users working from the effective version
AI process change logs for cleaning companies,https://www.builttorunbook.net/workflows/ai-process-change-logs/cleaning-companies,ai-process-change-logs,cleaning-companies,an approved change record and rollout checklist,affected users working from the effective version
AI process change logs for landscaping companies,https://www.builttorunbook.net/workflows/ai-process-change-logs/landscaping-companies,ai-process-change-logs,landscaping-companies,an approved change record and rollout checklist,affected users working from the effective version
AI process change logs for automotive shops,https://www.builttorunbook.net/workflows/ai-process-change-logs/automotive-shops,ai-process-change-logs,automotive-shops,an approved change record and rollout checklist,affected users working from the effective version
AI process change logs for fitness studios,https://www.builttorunbook.net/workflows/ai-process-change-logs/fitness-studios,ai-process-change-logs,fitness-studios,an approved change record and rollout checklist,affected users working from the effective version
AI process change logs for training companies,https://www.builttorunbook.net/workflows/ai-process-change-logs/training-companies,ai-process-change-logs,training-companies,an approved change record and rollout checklist,affected users working from the effective version
AI process change logs for staffing agencies,https://www.builttorunbook.net/workflows/ai-process-change-logs/staffing-agencies,ai-process-change-logs,staffing-agencies,an approved change record and rollout checklist,affected users working from the effective version
AI process change logs for event companies,https://www.builttorunbook.net/workflows/ai-process-change-logs/event-companies,ai-process-change-logs,event-companies,an approved change record and rollout checklist,affected users working from the effective version
AI process change logs for architecture firms,https://www.builttorunbook.net/workflows/ai-process-change-logs/architecture-firms,ai-process-change-logs,architecture-firms,an approved change record and rollout checklist,affected users working from the effective version
AI founder independence task reviews for marketing agencies,https://www.builttorunbook.net/workflows/ai-founder-independence/marketing-agencies,ai-founder-independence,marketing-agencies,a dependency map and delegation improvement plan,routine items completed without an avoidable founder interruption
AI founder independence task reviews for consulting firms,https://www.builttorunbook.net/workflows/ai-founder-independence/consulting-firms,ai-founder-independence,consulting-firms,a dependency map and delegation improvement plan,routine items completed without an avoidable founder interruption
AI founder independence task reviews for software companies,https://www.builttorunbook.net/workflows/ai-founder-independence/software-companies,ai-founder-independence,software-companies,a dependency map and delegation improvement plan,routine items completed without an avoidable founder interruption
AI founder independence task reviews for ecommerce brands,https://www.builttorunbook.net/workflows/ai-founder-independence/ecommerce-brands,ai-founder-independence,ecommerce-brands,a dependency map and delegation improvement plan,routine items completed without an avoidable founder interruption
AI founder independence task reviews for manufacturers,https://www.builttorunbook.net/workflows/ai-founder-independence/manufacturers,ai-founder-independence,manufacturers,a dependency map and delegation improvement plan,routine items completed without an avoidable founder interruption
AI founder independence task reviews for wholesale distributors,https://www.builttorunbook.net/workflows/ai-founder-independence/wholesale-distributors,ai-founder-independence,wholesale-distributors,a dependency map and delegation improvement plan,routine items completed without an avoidable founder interruption
AI founder independence task reviews for construction companies,https://www.builttorunbook.net/workflows/ai-founder-independence/construction-companies,ai-founder-independence,construction-companies,a dependency map and delegation improvement plan,routine items completed without an avoidable founder interruption
AI founder independence task reviews for trade contractors,https://www.builttorunbook.net/workflows/ai-founder-independence/trade-contractors,ai-founder-independence,trade-contractors,a dependency map and delegation improvement plan,routine items completed without an avoidable founder interruption
AI founder independence task reviews for salons,https://www.builttorunbook.net/workflows/ai-founder-independence/salons,ai-founder-independence,salons,a dependency map and delegation improvement plan,routine items completed without an avoidable founder interruption
AI founder independence task reviews for restaurants,https://www.builttorunbook.net/workflows/ai-founder-independence/restaurants,ai-founder-independence,restaurants,a dependency map and delegation improvement plan,routine items completed without an avoidable founder interruption
AI founder independence task reviews for retail stores,https://www.builttorunbook.net/workflows/ai-founder-independence/retail-stores,ai-founder-independence,retail-stores,a dependency map and delegation improvement plan,routine items completed without an avoidable founder interruption
AI founder independence task reviews for logistics companies,https://www.builttorunbook.net/workflows/ai-founder-independence/logistics-companies,ai-founder-independence,logistics-companies,a dependency map and delegation improvement plan,routine items completed without an avoidable founder interruption
AI founder independence task reviews for cleaning companies,https://www.builttorunbook.net/workflows/ai-founder-independence/cleaning-companies,ai-founder-independence,cleaning-companies,a dependency map and delegation improvement plan,routine items completed without an avoidable founder interruption
AI founder independence task reviews for landscaping companies,https://www.builttorunbook.net/workflows/ai-founder-independence/landscaping-companies,ai-founder-independence,landscaping-companies,a dependency map and delegation improvement plan,routine items completed without an avoidable founder interruption
AI founder independence task reviews for automotive shops,https://www.builttorunbook.net/workflows/ai-founder-independence/automotive-shops,ai-founder-independence,automotive-shops,a dependency map and delegation improvement plan,routine items completed without an avoidable founder interruption
AI founder independence task reviews for fitness studios,https://www.builttorunbook.net/workflows/ai-founder-independence/fitness-studios,ai-founder-independence,fitness-studios,a dependency map and delegation improvement plan,routine items completed without an avoidable founder interruption
AI founder independence task reviews for training companies,https://www.builttorunbook.net/workflows/ai-founder-independence/training-companies,ai-founder-independence,training-companies,a dependency map and delegation improvement plan,routine items completed without an avoidable founder interruption
AI founder independence task reviews for staffing agencies,https://www.builttorunbook.net/workflows/ai-founder-independence/staffing-agencies,ai-founder-independence,staffing-agencies,a dependency map and delegation improvement plan,routine items completed without an avoidable founder interruption
AI founder independence task reviews for event companies,https://www.builttorunbook.net/workflows/ai-founder-independence/event-companies,ai-founder-independence,event-companies,a dependency map and delegation improvement plan,routine items completed without an avoidable founder interruption
AI founder independence task reviews for architecture firms,https://www.builttorunbook.net/workflows/ai-founder-independence/architecture-firms,ai-founder-independence,architecture-firms,a dependency map and delegation improvement plan,routine items completed without an avoidable founder interruption
